direction,node,name,ref,kind,chain_m,motorway_junction_tag,way_ids
north,2463361074,Ответвление без названия,,road_exit,595.1666894968461,False,[238505277]
north,624826,Ответвление без названия,,road_exit,900.756812398573,False,[25665390]
north,2619185860,Deutscher Rasthof;Weil am Rhein,,road_exit,1325.708407697306,False,[256244184]
north,305503211,Weil am Rhein / Hüningen,69,motorway_transfer,1380.2937772740895,True,[22992249]
north,456189,Parkplatz,,road_exit,3050.0545308717724,False,[5217656]
north,981120817,Dreieck Weil am Rhein,68,motorway_transfer,3808.572269226208,True,[4452018]
north,30415520,Efringen-Kirchen,67,road_exit,12483.352045766302,True,[4762547]
north,247265053,Rastplatz Rheinaue,,rest_area,15591.348542765614,True,[1432075396]
north,268132535,Ответвление без названия,,road_exit,20577.206892652965,False,[24669316]
north,30961072,Dreieck Neuenburg,66,road_exit,24847.042569281028,True,[583344850]
north,268133884,Ответвление без названия,,road_exit,25743.978796056712,False,[24669431]
north,264884010,Müllheim / Neuenburg,65,road_exit,28898.071975733525,True,[837541066]
north,456294,Ответвление без названия,,road_exit,30542.14445501169,False,[23600033]
north,268134889,Ответвление без названия,,road_exit,35606.16443887884,False,[24669488]
north,456324,Hartheim / Heitersheim,64b,road_exit,39885.850640332166,True,[9662602]
north,264404588,Ответвление без названия,,road_exit,41336.219549635236,False,[24370333]
north,264404592,Ответвление без названия,,road_exit,41709.61253218926,False,[24370333]
north,269274900,Ответвление без названия,,road_exit,46529.82158798189,False,[24782034]
north,269274903,Ответвление без названия,,road_exit,46924.069169073846,False,[24782034]
north,456351,Bad Krozingen,64a,road_exit,47686.195161396645,True,[144784967]
north,456374,Raststätte Breisgau,,rest_area,52124.1406586029,True,[641515051]
north,456416,Freiburg-Süd,63,road_exit,53638.98045575939,True,[13544417]
north,268139021,Ответвление без названия,,road_exit,55053.83318502332,False,[24669723]
north,522135910,Freiburg-Mitte,62,road_exit,59509.9861921578,True,[4746914]
north,2118953559,Freiburg-Nord,61,road_exit,64988.51030186458,True,[24373433]
north,268139661,Ответвление без названия,,road_exit,68570.27828741749,False,[1155244636]
north,59669808,Teningen,60,road_exit,71315.10195096993,True,[7976670]
north,264404593,Ответвление без названия,,road_exit,73188.09355808604,False,[24370334]
north,262526024,Riegel,59,road_exit,76070.82058868356,True,[24263648]
north,264404599,Ответвление без названия,,road_exit,77793.59830357204,False,[24370335]
north,264404603,Ответвление без названия,,road_exit,78232.67634933862,False,[24370335]
north,264404604,Ответвление без названия,,road_exit,81011.03018110195,False,[24370336]
north,15931176,Herbolzheim,58,road_exit,84458.1459873048,True,[144189462]
north,13875745,Rust,57b,road_exit,87296.0927031193,True,[1545623337]
north,456538,Ettenheim,57a,road_exit,90539.9459640828,True,[10536947]
north,456549,Raststätte Mahlberg,,rest_area,93541.57565102923,False,[722996262]
north,264404943,Ответвление без названия,,road_exit,96787.66091408825,False,[723040399]
north,265164049,Lahr,56,road_exit,99768.10330178954,True,[24800642]
north,264576301,Ответвление без названия,,road_exit,100569.13257731775,False,[24383509]
north,264576306,Rastplatz Schutter,,rest_area,106119.97241494281,False,[723042432]
north,268140471,Ответвление без названия,,road_exit,109537.09011443554,False,[24669831]
north,456611,Offenburg,55,road_exit,114819.51945711926,True,[177726265]
north,1864132923,Rastplatz Waldmatten,,rest_area,117975.5618776796,True,[175854254]
north,456636,Appenweier,54,road_exit,122234.49249242707,True,[539102566]
north,456649,Raststätte Renchtal,,rest_area,126044.50300473132,False,[539044333]
north,456680,Achern,53,road_exit,136519.7299898093,True,[539104317]
north,1531912181,Ответвление без названия,,road_exit,140510.11185194826,False,[539190123]
north,503048382,Bühl,52,road_exit,147719.58925977707,True,[539203085]
north,264582645,Raststätte Bühl,,rest_area,151027.20838183232,False,[539228862]
north,456759,Baden-Baden,51,road_exit,155659.07149402236,True,[539233421]
north,122483958,Rasthof Baden-Baden,,rest_area,158299.69732327937,True,[539234386]
north,260170024,Rastatt-Süd,50,rest_area,161327.34123672164,True,[539235762]
north,456800,Rastatt-Nord,49,rest_area,166437.62052193147,True,[539259301]
north,11251006676,Ответвление без названия,,road_exit,170489.06294319886,False,[539259297]
north,456864,Karlsruhe-Süd,48,road_exit,181470.900124938,True,[539377452]
north,25246288,Ettlingen,47,road_exit,183521.91382490395,True,[539377444]
north,441043,Dreieck Karlsruhe,46,motorway_transfer,185631.09628954937,True,[400657571]
north,441050,Karlsruhe-Mitte,45,road_exit,187723.60398514676,True,[145513044]
north,1589236994,Karlsruhe-Durlach,44,road_exit,189410.7686410623,True,[145482535]
north,25973879,Karlsruhe-Nord,43,road_exit,191230.5142453386,True,[4298296]
north,456938,Ответвление без названия,,road_exit,194586.71016297519,False,[1443004933]
north,456951,Ответвление без названия,,road_exit,198419.69404591012,False,[8607875]
north,456967,Ответвление без названия,,road_exit,202873.9553944629,False,[8607688]
north,456987,Bruchsal,42,road_exit,207635.23324916788,True,[4995760]
north,482557,Raststätte Bruchsal,,rest_area,209233.19520110986,False,[4854781]
north,277246029,Ответвление без названия,,road_exit,214140.7621925741,False,[8606209]
north,457023,Kronau,41,road_exit,217215.7490709467,True,[8606016]
north,1588921931,Rastplatz Lußhardt,,rest_area,220767.46209407086,True,[641522663]
north,457046,Kreuz Walldorf,40,motorway_transfer,223136.72924498437,True,[3666792]
north,1574364324,Walldorf / Wiesloch,39,road_exit,226312.82436059936,True,[192675139]
north,1574341649,Ответвление без названия,,road_exit,228566.62323232033,False,[143868882]
north,1574341776,Hardtwald,,road_exit,231281.93888029375,True,[143868885]
north,1574280917,Heidelberg / Schwetzingen,38,road_exit,233374.0304548216,True,[24223735]
north,457111,Kreuz Heidelberg,37,motorway_transfer,238606.58724143764,True,[143862051]
north,457130,Dossenheim,36,road_exit,242922.59048742414,True,[25017736]
north,12141896,Ответвление без названия,,road_exit,244378.55921441576,False,[4060048]
north,457140,Ladenburg,35,road_exit,246184.07300397198,True,[4591334]
north,1574869925,Hirschberg,34,road_exit,249442.22334707054,True,[317092045]
north,457162,Ответвление без названия,,road_exit,251764.3673870056,False,[143927686]
north,21497250,Kreuz Weinheim,33,road_exit,253678.16494131065,True,[194829627]
north,15841692,Hemsbach,32,road_exit,259050.39385289943,True,[264787386]
north,6402161935,Ответвление без названия,,road_exit,260773.07940981752,True,[1075430524]
north,11293113,Heppenheim,31,road_exit,265527.78851086355,True,[3234782]
north,11325154,Ответвление без названия,,road_exit,267168.47295829764,True,[1075428378]
north,10857354,Bensheim,30,road_exit,268557.32390695746,True,[8104276]
north,482690,Rasthof Bergstraße,,rest_area,270195.5475699193,True,[1075447019]
north,11749333,Zwingenberg,29,road_exit,274191.4256075031,True,[3235110]
north,30077052,Rastplatz Nachtweide,,rest_area,275062.7654580878,True,[1075446618]
north,457267,Rastplatz Erlensee,,rest_area,279146.0665298635,True,[4722183]
north,1673626409,Seeheim-Jugenheim,28,road_exit,280524.3974500518,True,[4010030]
north,457292,Darmstadt-Eberstadt,27,road_exit,284396.24105843744,True,[4042444]
north,457327,Darmstädter Kreuz,26,road_exit,290717.1675114394,True,[1711295]
north,501951,Darmstädter Nordkreuz,26,motorway_transfer,292003.4337964808,True,[3998410]
north,480479,Weiterstadt,25,road_exit,295067.06709884555,True,[5080928]
north,480496,Rastplatz Täubcheshöhle,,rest_area,296375.8552777191,True,[5081142]
north,355268772,Rasthof Gräfenhausen,,rest_area,300617.516584049,True,[5995042]
north,480600,Rastplatz Bornbruch,,rest_area,303877.9299336671,True,[4887697]
north,630747837,Langen / Mörfelden,24,road_exit,304571.57414759195,True,[49602252]
north,482455,Rastplatz Kaiserstein,,rest_area,306877.37566808244,True,[4892154]
north,2702292694,Zeppelinheim,23,road_exit,309477.50159268803,True,[1093775774]
north,480638,Frankfurter Kreuz,22,road_exit,312297.95627281646,True,[4488554]
north,663288171,Frankfurt-Niederrad,21,road_exit,316621.5594900557,True,[1451030465]
north,480748,Westkreuz Frankfurt,19,motorway_transfer,319668.12523097935,True,[481369956]
north,480764,Nordwestkreuz Frankfurt,18,motorway_transfer,322375.17421703774,True,[4274917]
north,482636,Bad Homburger Kreuz,17,motorway_transfer,330717.9474263524,True,[4893756]
north,8467857381,Rastplatz Schäferborn,,rest_area,336884.25701029104,True,[911875446]
north,59969181,Friedberg,16,road_exit,341064.6439779215,True,[8018624]
north,480948,Raststätte Wetterau Ost,,rest_area,349190.0631324167,True,[481432652]
north,480983,Ober-Mörlen,14,road_exit,352498.35621913226,True,[25494240]
north,1672843508,Bad Nauheim,13,road_exit,355149.7162877933,True,[154815754]
north,1672843530,Butzbach,12,road_exit,358415.1101654331,True,[154815759]
north,481030,Gambacher Kreuz,11,motorway_transfer,362295.7449206831,True,[481432640]
north,317150823,Würzburg;Hanau,,motorway_transfer,363277.18186655897,False,[28846505]
north,256549579,Rastplatz Limes-Ost,,road_exit,369100.49004865636,True,[481432624]
north,1574783055,Fernwald,10,road_exit,372470.3362137513,True,[143309903]
north,1569113473,Reiskirchen,9,road_exit,378707.63770100847,True,[143309895]
north,481165,Reiskirchener Dreieck,8,motorway_transfer,380549.6977322347,True,[142591995]
north,1559388440,Reinhardshain Süd,,road_exit,385497.4243926987,True,[481588896]
north,1559388346,Grünberg,7,road_exit,387969.2930470965,True,[142496557]
north,835137888,Rastplatz Heg-Berg,,rest_area,390818.61885559885,True,[69855743]
north,1553823314,Homberg (Ohm),6,road_exit,392625.6451448084,True,[144174666]
north,4745367896,Ohmtal-Dreieck,4,motorway_transfer,402146.48320735653,True,[1532934030]
north,481397,Rastplatz Krachgarten,,rest_area,405229.708258763,True,[8204850]
north,481460,Alsfeld-West,3,road_exit,415621.87974940456,True,[4673481]
north,1585036888,Alsfeld-Ost,2,road_exit,420243.5446737376,True,[145037542]
north,1585037372,Rastplatz Eifa,,rest_area,424339.0162995731,True,[482052582]
north,1586387300,Raststätte Rimberg,,rest_area,434497.16828433017,True,[145208972]
north,481633,Barnholz,,road_exit,436434.63663789217,True,[205946654]
north,1585064541,Hattenbacher Dreieck,1,motorway_transfer,437811.62003605027,True,[145039181]
north,481675,Ответвление без названия,,road_exit,440275.88424818125,False,[146291082]
south,1586387413,Raststätte Rimberg,,rest_area,5282.711676159428,True,[145208970]
south,1587167323,Ответвление без названия,,road_exit,7929.815676916216,False,[482052575]
south,2721451767,Rasthof Berfa,,rest_area,14833.578846302,True,[482052579]
south,1585036909,Alsfeld-Ost,2,road_exit,19841.725791095014,True,[145037551]
south,463536,Alsfeld-West,3,road_exit,24081.713902273215,True,[31309577]
south,1563519573,Rastplatz Dottenberg,,rest_area,34204.217263559556,True,[457980400]
south,8652876115,Ohmtal-Dreieck,4,motorway_transfer,37589.91325787708,True,[132324509]
south,1551986266,Homberg (Ohm),6,road_exit,47439.450729025855,True,[141791085]
south,1559445838,Rastplatz Finkenwald,,rest_area,49161.79832265189,True,[42512447]
south,1559445749,Grünberg,7,road_exit,52182.5583289996,True,[142496558]
south,1559388567,Reinhardshain Nord,,road_exit,54409.486469761025,True,[481588889]
south,1560511470,Reiskirchener Dreieck,8,motorway_transfer,59649.99519896537,True,[142591994]
south,1574783135,Reiskirchen,9,road_exit,61439.901473856975,True,[143920241]
south,252689637,Fernwald,10,road_exit,67908.09110959838,True,[143920258]
south,466368,Limes-West,,road_exit,70858.89225922413,True,[481432623]
south,1564363645,Gambacher Kreuz,11,motorway_transfer,76226.9623302807,True,[27824824]
south,1672843545,Butzbach,12,road_exit,81667.68692515316,True,[154815734]
south,1672843514,Bad Nauheim,13,road_exit,85077.6764934442,True,[154815758]
south,60013311,Ober-Mörlen,14,road_exit,87642.72573700554,True,[8028893]
south,466510,Raststätte Wetterau West,,rest_area,90551.77459968426,True,[481432651]
south,463648,Friedberg,16,road_exit,98609.61354717525,True,[8018536]
south,466572,Friedberg,16,road_exit,99077.72259601677,True,[24322752]
south,60013734,Rastplatz Spießwald,,rest_area,102644.81893426509,True,[481432662]
south,466634,Bad Homburger Kreuz,17,motorway_transfer,108650.11353822063,True,[1562527006]
south,3309983928,Raststätte Taunusblick,,rest_area,114996.89595838166,True,[324268013]
south,544599,Nordwestkreuz Frankfurt,18,road_exit,117216.42299801574,True,[4274915]
south,463085,Westkreuz Frankfurt,19,road_exit,119439.83320186267,True,[4000560]
south,426433,Frankfurt-Westhafen,20,road_exit,122665.73942007402,True,[4269211]
south,1446239083,Frankfurt-Niederrad,21,road_exit,124287.30349438146,True,[1451030466]
south,13307826438,Frankfurter Kreuz,22,motorway_transfer,126193.73818826133,True,[321554750]
south,466026,Zeppelinheim,23,road_exit,128880.1533733522,True,[4492273]
south,466762,Rastplatz Steingrund,,rest_area,132879.34993056068,True,[4892158]
south,463073,Langen / Mörfelden,24,road_exit,134787.645449025,True,[1145625631]
south,482447,Rastplatz Bornbruch,,rest_area,136044.64907613044,True,[4887698]
south,469388,Rasthof Gräfenhausen,,rest_area,139078.87695438493,True,[5995058]
south,462472,Rastplatz Brühlgraben,,rest_area,143669.28786947147,True,[5081138]
south,52031796,Weiterstadt,25,road_exit,144327.13761959696,True,[10267953]
south,470417,Darmstädter Nordkreuz,26,motorway_transfer,147408.3084714769,True,[3998413]
south,463178,Darmstädter Kreuz,26,motorway_transfer,148995.36944304663,True,[1532947737]
south,463231,Darmstadt-Eberstadt,27,road_exit,155899.35329709316,True,[4042442]
south,468562,Rastplatz Rolandshöhe,,rest_area,158070.84298173696,True,[28439058]
south,592848,Seeheim-Jugenheim,28,road_exit,159970.19879468417,True,[4010029]
south,467063,Raststätte Alsbach,,rest_area,163397.5951392771,True,[8045147]
south,459828,Zwingenberg,29,road_exit,166321.602135915,True,[3062182]
south,279405943,Rastplatz Scheidweg,,rest_area,169064.10689292755,True,[40253400]
south,592891,Bensheim,30,road_exit,171936.85553345532,True,[8104277]
south,359859092,Heppenheim,31,road_exit,174605.77759334465,True,[143775417]
south,592921,Ответвление без названия,,road_exit,177786.2698709752,True,[1075430521]
south,13917026,Hemsbach,32,road_exit,181043.00657707747,True,[665408894]
south,11293095,Ответвление без названия,,road_exit,182132.73476321585,False,[4442518]
south,459906,Kreuz Weinheim,33,motorway_transfer,185680.85218722778,True,[5073244]
south,1574900249,Ответвление без названия,,road_exit,187834.13538014123,False,[13500782]
south,1574869929,Hirschberg,34,road_exit,190597.53527352636,True,[4156666]
south,25252015,Ladenburg,35,road_exit,194239.7257065968,True,[4231703]
south,1574847808,Ответвление без названия,,road_exit,195337.5106237656,False,[143926602]
south,592998,Dossenheim,36,road_exit,197529.8699610933,True,[25017703]
south,1574242868,Kreuz Heidelberg,37,motorway_transfer,200404.90190295698,True,[4084006]
south,468756,Heidelberg / Schwetzingen,38,road_exit,205871.83635025733,True,[24560772]
south,468765,Hardtwald,,road_exit,208415.46810617883,True,[5073983]
south,2015616752,Ответвление без названия,,road_exit,211628.6957736476,False,[70053053]
south,90636873,Walldorf / Wiesloch,39,road_exit,213976.35875587846,True,[143871074]
south,589310,Kreuz Walldorf,40,motorway_transfer,215850.24219967052,True,[143868866]
south,61193459,Mönchberg,,road_exit,219212.3796041782,True,[641522666]
south,464743,Kronau,41,road_exit,222519.37548037348,True,[4065286]
south,283808896,Ответвление без названия,,road_exit,226119.59090083945,False,[1091817400]
south,468996,Raststätte Bruchsal,,road_exit,230172.70893869517,False,[3666791]
south,462552,Bruchsal,42,road_exit,231799.40604955127,True,[4995762]
south,357491211,Ответвление без названия,,road_exit,237375.3137397136,False,[31915341]
south,271345254,Ответвление без названия,,road_exit,241890.98201139946,False,[24970841]
south,25973877,Karlsruhe-Nord,43,road_exit,248231.18365531918,True,[145480956]
south,1482199079,Karlsruhe-Durlach,44,road_exit,250142.99667684574,True,[134887461]
south,452534,Karlsruhe-Mitte,45,road_exit,252025.55506594855,True,[1550084002]
south,21286445,Dreieck Karlsruhe,46,motorway_transfer,253419.77367584765,True,[4210185]
south,451389,Ettlingen,47,road_exit,256681.52448332432,True,[539377442]
south,1677677307,Karlsruhe-Süd,48,road_exit,258457.09833585797,True,[155363724]
south,122350812,Ответвление без названия,,road_exit,269535.2585803667,False,[539259293]
south,452629,Rastatt-Nord,49,rest_area,273794.64131010283,True,[3530535]
south,260170389,Rastatt-Süd,50,rest_area,279250.72224865534,True,[539235763]
south,25578788,Rasthof Baden-Baden,,rest_area,281351.760916685,True,[539235236]
south,469556,Baden-Baden,51,road_exit,283661.2525849386,True,[499318435]
south,1107042397,Ответвление без названия,,road_exit,290920.3364608549,False,[539228853]
south,74978265,Bühl,52,road_exit,292919.57802118716,True,[539203088]
south,1108845154,Feldmatt,,road_exit,301604.5196631385,False,[539185285]
south,452722,Achern,53,road_exit,303266.1308073036,True,[539104313]
south,13888659,Raststätte Renchtal,,rest_area,313864.8338193252,False,[539044346]
south,2756338846,Appenweier,54,road_exit,317163.1062385526,True,[1473298160]
south,1249931746,Rastplatz Gottswald,,rest_area,322055.1990105488,True,[959859678]
south,14917071,Offenburg,55,road_exit,324967.5695934921,True,[4760069]
south,269273909,Ответвление без названия,,road_exit,330800.9172139269,False,[24781905]
south,269273816,Rastplatz Unditz,,rest_area,334026.2639321759,False,[723042430]
south,452838,Ответвление без названия,,road_exit,339764.40415282495,False,[4963014]
south,32863790,Lahr,56,road_exit,340516.9474823291,True,[4963015]
south,452859,Raststätte Mahlberg,,rest_area,345944.4683655709,False,[1340560538]
south,108291272,Ettenheim,57a,road_exit,349698.63789281144,True,[11991890]
south,61198935,Rust,57b,road_exit,352974.7535408006,True,[8606294]
south,82721007,Herbolzheim,58,road_exit,355820.2041863518,True,[10065663]
south,452898,Ответвление без названия,,road_exit,358757.52167362033,False,[5488423]
south,265838872,Ответвление без названия,,road_exit,362453.10070501396,False,[24459407]
south,265838876,Ответвление без названия,,road_exit,362778.08800809167,False,[24459407]
south,255327322,Riegel,59,road_exit,364183.1336772335,True,[23578147]
south,265838972,Ответвление без названия,,road_exit,368409.9522000378,False,[24459508]
south,59672513,Teningen,60,road_exit,369391.8642863253,True,[7976701]
south,265839027,Ответвление без названия,,road_exit,372532.78068456776,False,[546114629]
south,2118959836,Freiburg-Nord,61,road_exit,375270.9945706819,True,[4230571]
south,108284327,Ответвление без названия,,road_exit,376606.40700347157,False,[1338932948]
south,31448392,Freiburg-Mitte,62,road_exit,380041.5370591784,True,[33548606]
south,265839228,Ответвление без названия,,road_exit,385285.54142630496,False,[24459516]
south,124565240,Freiburg-Süd,63,road_exit,386387.6242149771,True,[13546153]
south,2408301622,Bad Krozingen,64a,road_exit,392653.5179620819,True,[84396952]
south,263680217,Ответвление без названия,,road_exit,394614.65561358345,False,[24317654]
south,453033,Ответвление без названия,,road_exit,395036.3587954081,False,[24317654]
south,453046,Ответвление без названия,,road_exit,398927.33411065064,False,[24317690]
south,75733133,Hartheim / Heitersheim,64b,road_exit,400767.78600335505,True,[9662604]
south,301725023,Ответвление без названия,,road_exit,404315.0668866345,False,[132723406]
south,981122665,Ответвление без названия,,road_exit,404726.04971041874,False,[144834575]
south,21307648,Ответвление без названия,,road_exit,409526.46772425045,False,[4019028]
south,251929836,Müllheim / Neuenburg,65,road_exit,411413.1976477678,True,[23278692]
south,21307661,Ответвление без названия,,road_exit,414509.1515786405,False,[4019029]
south,21307672,Ответвление без названия,,road_exit,414860.10719001177,False,[4019029]
south,30961144,Dreieck Neuenburg,66,road_exit,415827.9451581192,True,[4818871]
south,453121,Ответвление без названия,,road_exit,420164.3334930305,False,[4019031]
south,453152,Rastplatz Fischergrund,,rest_area,424517.25788849243,True,[1432075393]
south,243912316,Efringen-Kirchen,67,road_exit,427852.0464600921,True,[22737446]
south,453197,Dreieck Weil am Rhein,68,motorway_transfer,435900.67917686055,True,[572463648]
south,453208,Weil am Rhein / Hüningen,69,road_exit,438427.1141491827,True,[151269358]
south,1067781160,Leer;Transit;NTCS,,road_exit,438716.64579286164,False,[91892864]
south,980654982,Import,,road_exit,438739.0594464113,False,[91893095]
south,761204861,Ответвление без названия,,road_exit,439299.85839032585,False,[395899277]
south,3986990220,Raststätte Basel-Weil/Rhein,,road_exit,439484.4896089928,True,[395899285]
south,13424209901,Ответвление без названия,,road_exit,440469.7283998298,False,[137361916]
